Component	Mixture	EstFreq
EL4X_35	Tm1310	0.3136
GQ4X_83	Tm1310	0.2392
EL4X_199	Tm1310	0.232
EL4X_482	Tm1310	0.2354
EL4X_35	Tm1311	0.3151
GQ4X_83	Tm1311	0.2455
EL4X_199	Tm1311	0.2379
EL4X_482	Tm1311	0.2238
EL4X_35	Tm1312	0.2964
GQ4X_83	Tm1312	0.2628
EL4X_199	Tm1312	0.2251
EL4X_482	Tm1312	0.2443
EL4X_35	Tm1313	0.0637
GQ4X_83	Tm1313	0.3134
EL4X_199	Tm1313	0.3079
EL4X_482	Tm1313	0.3484
EL4X_35	Tm1314	0.0662
GQ4X_83	Tm1314	0.3248
EL4X_199	Tm1314	0.3051
EL4X_482	Tm1314	0.3351
EL4X_35	Tm1315	0.059
GQ4X_83	Tm1315	0.3272
EL4X_199	Tm1315	0.3064
EL4X_482	Tm1315	0.3326
EL4X_35	Tm1316	0.3659
GQ4X_83	Tm1316	0.082
EL4X_199	Tm1316	0.278
EL4X_482	Tm1316	0.3072
EL4X_35	Tm1317	0.3679
GQ4X_83	Tm1317	0.0609
EL4X_199	Tm1317	0.2807
EL4X_482	Tm1317	0.3124
EL4X_35	Tm1318	0.3684
GQ4X_83	Tm1318	0.0695
EL4X_199	Tm1318	0.293
EL4X_482	Tm1318	0.3048
EL4X_35	Tm1319	0.3695
GQ4X_83	Tm1319	0.3005
EL4X_199	Tm1319	0.0498
EL4X_482	Tm1319	0.3088
EL4X_35	Tm1320	0.3589
GQ4X_83	Tm1320	0.3064
EL4X_199	Tm1320	0.0463
EL4X_482	Tm1320	0.3168
EL4X_35	Tm1321	0.3508
GQ4X_83	Tm1321	0.3174
EL4X_199	Tm1321	0.041
EL4X_482	Tm1321	0.3288
EL4X_35	Tm1322	0.3566
GQ4X_83	Tm1322	0.2813
EL4X_199	Tm1322	0.2935
EL4X_482	Tm1322	0.0892
EL4X_35	Tm1323	0.3436
GQ4X_83	Tm1323	0.2952
EL4X_199	Tm1323	0.2836
EL4X_482	Tm1323	0.0994
EL4X_35	Tm1324	0.3575
GQ4X_83	Tm1324	0.2834
EL4X_199	Tm1324	0.2928
EL4X_482	Tm1324	0.0829
EL4X_35	Tm1325	0.8757
GQ4X_83	Tm1325	0.0683
EL4X_199	Tm1325	0.0585
EL4X_482	Tm1325	0.0582
EL4X_35	Tm1326	0.8788
GQ4X_83	Tm1326	0.0606
EL4X_199	Tm1326	0.0729
EL4X_482	Tm1326	0.0493
EL4X_35	Tm1327	0.8826
GQ4X_83	Tm1327	0.0617
EL4X_199	Tm1327	0.0617
EL4X_482	Tm1327	0.0574
EL4X_35	Tm1328	0.0883
GQ4X_83	Tm1328	0.765
EL4X_199	Tm1328	0.0763
EL4X_482	Tm1328	0.0955
EL4X_35	Tm1329	0.0917
GQ4X_83	Tm1329	0.7818
EL4X_199	Tm1329	0.0794
EL4X_482	Tm1329	0.0927
EL4X_35	Tm1330	0.0652
GQ4X_83	Tm1330	0.7935
EL4X_199	Tm1330	0.0682
EL4X_482	Tm1330	0.1024
EL4X_35	Tm1331	0.0825
GQ4X_83	Tm1331	0.0681
EL4X_199	Tm1331	0.8031
EL4X_482	Tm1331	0.0823
EL4X_35	Tm1332	0.0832
GQ4X_83	Tm1332	0.0672
EL4X_199	Tm1332	0.8121
EL4X_482	Tm1332	0.0774
EL4X_35	Tm1333	0.0825
GQ4X_83	Tm1333	0.0642
EL4X_199	Tm1333	0.8073
EL4X_482	Tm1333	0.0828
EL4X_35	Tm1334	0.0892
GQ4X_83	Tm1334	0.0751
EL4X_199	Tm1334	0.0804
EL4X_482	Tm1334	0.8022
EL4X_35	Tm1335	0.1012
GQ4X_83	Tm1335	0.0753
EL4X_199	Tm1335	0.0687
EL4X_482	Tm1335	0.8043
EL4X_35	Tm1336	0.0891
GQ4X_83	Tm1336	0.065
EL4X_199	Tm1336	0.0787
EL4X_482	Tm1336	0.8146
